event_id,host_id,updated_at,created_at
315758529222105,1
2212779325663446,2
596522180763967,3
578963875875197,1
384550295437030,2
2289968994428187,1
361953651032616,1
2229191514006248,2
229571994587150,2
590733784721912,3
383984555528610,2
441445886392162,1
2319484908069823,1
647518052334048,3
945631318973584,2
392371828216822,1
2069386103147696,2
2093244234100158,1
788556314835968,3
2276302469098962,1
2261896494025243,2
767602376939072,2
326838484845803,3
568463293670075,3
2365132983722650,2
1343475239125573,1
